INDNO,MthCalDt,MthPrcRet,Federal_Funds_Effective_Rate,Total_Federal_Outlays,House_Price_Index,Unemployment_Rate,Confidence_Indicators,CPI_in_NE,PPI_all_commodities,Realtime_SahmRule_Recession_Indicators
1000500,1990-01-31,-0.069407,8.23,91242,76.527,5.4,100.6482954,132.9,114.9,0.13
1000500,1990-02-28,0.008986,8.24,100348,76.587,5.3,100.630219,133.1,114.4,0.13
1000500,1990-03-30,0.02436,8.28,118128,76.79,5.2,100.6992457,134.1,114.2,0.1
1000500,1990-04-30,-0.026508,8.26,97775,77.038,5.4,100.7517631,134.5,114.1,0.13
1000500,1990-05-31,0.092408,8.18,111668,77.297,5.4,100.6218033,134.7,114.6,0.13
1000500,1990-06-29,-0.008921,8.29,121706,77.505,5.2,100.335956,134.9,114.3,0.03
1000500,1990-07-31,-0.006508,8.15,98253,77.561,5.5,99.85312772,136,114.5,0.07
1000500,1990-08-31,-0.094897,8.13,131181,77.479,5.7,99.07843089,137.4,116.5,0.17
1000500,1990-09-28,-0.051213,8.2,82171,77.229,5.9,98.33418755,138.6,118.4,0.33
1000500,1990-10-31,-0.00611,8.11,108350,76.912,5.9,97.73936212,139.4,120.8,0.4
1000500,1990-11-30,0.059897,7.81,118230,76.381,6.2,97.52813084,139.7,120.1,0.5
1000500,1990-12-31,0.024954,7.31,109287,75.972,6.3,97.59234688,139.7,118.7,0.6
1000500,1991-01-31,0.043063,6.91,99062,75.533,6.4,97.9410814,140.9,119,0.77
1000500,1991-02-28,0.067371,6.25,93848,75.249,6.6,98.57728607,141.2,117.2,0.97
1000500,1991-03-28,0.022312,6.12,105978,75.136,6.8,99.30277418,141.4,116.2,1.2
1000500,1991-04-30,0.000214,5.91,110371,75.315,6.7,99.50768977,141.6,116,1.3
1000500,1991-05-31,0.038759,5.78,116926,75.768,6.9,99.49061877,141.7,116.5,1.43
1000500,1991-06-28,-0.047498,5.9,105968,76.253,6.9,99.55604136,142.1,116.4,1.5
1000500,1991-07-31,0.044799,5.82,119424,76.517,6.8,99.61755332,142.4,116.1,1.53
1000500,1991-08-30,0.019912,5.66,120075,76.594,6.9,99.58176588,142.9,116.2,1.4
1000500,1991-09-30,-0.019061,5.45,116237,76.575,6.9,99.38138793,143.6,116.1,1.17
1000500,1991-10-31,0.011899,5.21,114659,76.29,7,98.90459501,143.7,116.4,1.1
1000500,1991-11-29,-0.043973,4.81,117779,76.03,7,98.31364997,144.3,116.4,1
1000500,1991-12-31,0.111476,4.43,106170,75.844,7.3,97.96595506,144.6,115.9,1
1000500,1992-01-31,-0.019654,4.03,119699,75.7,7.3,97.91716382,144.9,115.6,0.93
1000500,1992-02-28,0.009442,4.06,111927,75.655,7.4,98.16245756,145.3,116,0.9
1000500,1992-03-31,-0.021873,3.98,122839,75.814,7.4,98.60256666,146.2,116.1,0.77
1000500,1992-04-30,0.027157,3.73,123748,76.08,7.4,98.95219237,146.3,116.3,0.67
1000500,1992-05-29,0.001087,3.82,108957,76.398,7.6,99.15124543,146.3,117.2,0.63
1000500,1992-06-30,-0.017545,3.76,117096,76.602,7.8,99.15711161,147,118,0.73
1000500,1992-07-31,0.039465,3.25,122197,76.711,7.7,98.98208412,147.5,117.9,0.87
1000500,1992-08-31,-0.024214,3.3,102843,76.732,7.6,98.82938871,148.2,117.7,0.9
1000500,1992-09-30,0.008916,3.22,112879,76.628,7.6,98.81888877,148.5,118,0.8
1000500,1992-10-30,0.003455,3.1,125620,76.598,7.3,99.08065936,148.9,118.1,0.67
1000500,1992-11-30,0.030069,3.09,107355,76.579,7.4,99.70636583,149,117.8,0.5
1000500,1992-12-31,0.011197,2.92,152633,76.464,7.4,100.2155349,148.9,117.6,0.37
1000500,1993-01-29,0.005964,3.02,82899,76.395,7.3,100.348761,149.7,118,0.2
1000500,1993-02-26,0.010361,3.03,114477,76.327,7.1,100.2325208,150.4,118.4,-0.03
1000500,1993-03-31,0.018578,3.07,127263,76.382,7,100.0449344,150.9,118.7,-0.1
1000500,1993-04-30,-0.02578,2.96,124200,76.66,7.1,99.81275019,151.1,119.3,-0.03
1000500,1993-05-28,0.022549,3,107605,77.03,7.1,99.51616121,150.8,119.7,-0.03
1000500,1993-06-30,0.001095,3.04,117471,77.516,7,99.28551676,151.2,119.5,0
1000500,1993-07-30,-0.005909,3.06,120207,77.885,6.9,99.07122478,151.4,119.2,-0.07
1000500,1993-08-31,0.033957,3.03,109815,78.131,6.8,99.01628762,151.7,118.7,-0.07
1000500,1993-09-30,-0.009842,3.09,118987,78.198,6.7,99.1385017,151.8,118.7,-0.1
1000500,1993-10-29,0.01859,2.99,124085,78.172,6.8,99.42086749,152.5,119.1,0
1000500,1993-11-30,-0.012084,3.02,121483,78.17,6.6,99.76032108,152.7,119,-0.1
1000500,1993-12-31,0.010617,2.96,133108,78.113,6.5,100.2529335,152.7,118.6,-0.1
1000500,1994-01-31,0.031954,3.05,107713,78.198,6.6,100.6770931,153.2,119.1,0
1000500,1994-02-28,-0.030121,3.25,114752,78.204,6.6,100.828592,154,119.3,0
1000500,1994-03-31,-0.045728,3.34,125422,78.349,6.5,100.8177476,154.3,119.7,0.03
1000500,1994-04-29,0.011477,3.56,123867,78.701,6.4,100.7878362,154.4,119.7,-0.07
1000500,1994-05-31,0.012559,4.01,115597,79.208,6.1,100.7249253,154.2,119.9,-0.17
1000500,1994-06-30,-0.027113,4.25,123269,79.701,6.1,100.6178513,154.8,120.5,-0.17
1000500,1994-07-29,0.031381,4.26,118020,80.063,6.1,100.5447797,155.2,120.7,-0.1
1000500,1994-08-31,0.03799,4.47,121608,80.317,6,100.59109,155.9,121.2,0.03
1000500,1994-09-30,-0.026238,4.73,131628,80.34,5.9,100.6623139,156.1,121,0
1000500,1994-10-31,0.021043,4.76,120441,80.304,5.8,100.7570801,156.4,120.9,-0.1
1000500,1994-11-30,-0.039423,5.29,124991,80.17,5.6,100.8722419,156.7,121.5,-0.17
1000500,1994-12-30,0.012419,5.45,135689,80.078,5.5,101.050002,156.3,121.9,-0.13
1000500,1995-01-31,0.024348,5.53,116243,80.027,5.6,101.1326842,157.1,122.9,0
1000500,1995-02-28,0.036328,5.92,120977,79.992,5.4,100.9988226,157.6,123.5,-0.07
1000500,1995-03-31,0.027179,5.98,143152,80.078,5.4,100.7760862,158,123.9,0.03
1000500,1995-04-28,0.027914,6.05,115751,80.369,5.8,100.6795336,158.3,124.6,0.07
1000500,1995-05-31,0.036454,6.01,130035,80.691,5.6,100.6667845,158.5,124.9,0.17
1000500,1995-06-30,0.022198,6,135131,81.069,5.6,100.7947062,158.9,125.3,0.2
1000500,1995-07-31,0.032023,5.85,106406,81.413,5.7,100.9129071,159.2,125.3,0.17
1000500,1995-08-31,0.000642,5.74,130489,81.655,5.7,100.8787195,159.7,125.1,0.13
1000500,1995-09-29,0.040182,5.8,136107,81.739,5.6,100.6400108,160,125.2,0.13
1000500,1995-10-31,-0.004864,5.76,118352,81.727,5.5,100.4822084,160.3,125.3,0.07
1000500,1995-11-30,0.041338,5.8,128538,81.631,5.6,100.4038363,160.5,125.4,0.07
1000500,1995-12-29,0.015809,5.6,133064,81.514,5.6,100.4280327,160.5,125.7,0.07
1000500,1996-01-31,0.033415,5.56,123543,81.427,5.6,100.4444374,161.4,126.3,0.17
1000500,1996-02-29,0.007689,5.22,133775,81.399,5.5,100.5160742,162.2,126.2,0.13
1000500,1996-03-29,0.00786,5.31,136158,81.665,5.5,100.6619341,162.8,126.4,0.1
1000500,1996-04-30,0.013857,5.22,131064,82.125,5.6,100.6907443,162.9,127.4,-0.03
1000500,1996-05-31,0.02253,5.24,143173,82.602,5.6,100.6699704,163,128.1,0.03
1000500,1996-06-28,0.002562,5.27,117655,83.049,5.3,100.7787633,163.1,128,-0.07
1000500,1996-07-31,-0.046048,5.4,130749,83.419,5.5,100.9385325,163.4,128,0
1000500,1996-08-30,0.019589,5.22,141828,83.645,5.1,101.0588809,164,128.3,-0.17
1000500,1996-09-30,0.054112,5.3,122412,83.702,5.2,101.1497944,164.6,128.2,-0.03
1000500,1996-10-31,0.025348,5.24,139461,83.629,5.2,101.2722388,165.1,128,-0.07
1000500,1996-11-29,0.074218,5.31,135728,83.557,5.4,101.3763006,165.4,128.2,0.1
1000500,1996-12-31,-0.021518,5.29,129999,83.491,5.4,101.3915799,165.7,129.1,0.07
1000500,1997-01-31,0.061689,5.25,137354,83.531,5.3,101.4423835,166.2,129.7,0.13
1000500,1997-02-28,0.0058,5.19,134303,83.597,5.2,101.5604878,166.9,128.5,0.13
1000500,1997-03-31,-0.04331,5.39,129397,83.912,5.2,101.6934561,167.3,127.3,0.1
1000500,1997-04-30,0.059016,5.51,134649,84.321,5.1,101.8584928,167.1,127,-0.07
1000500,1997-05-30,0.059272,5.5,142988,84.864,4.9,102.0449481,166.8,127.4,-0.17
1000500,1997-06-30,0.042762,5.56,118726,85.398,5,102.2148207,167,127.2,-0.07
1000500,1997-07-31,0.078977,5.52,134802,85.841,4.9,102.3291397,167.6,126.9,-0.03
1000500,1997-08-29,-0.056458,5.54,138672,86.151,4.8,102.3318078,167.8,127.2,0.03
1000500,1997-09-30,0.052408,5.54,124832,86.311,4.9,102.3427129,168.4,127.5,0
1000500,1997-10-31,-0.03373,5.5,150866,86.408,4.7,102.3358048,168.7,127.8,-0.03
1000500,1997-11-28,0.044625,5.52,120830,86.632,4.6,102.3173784,168.5,127.9,-0.1
1000500,1997-12-31,0.0157,5.5,154359,86.848,4.7,102.285685,168.4,126.8,-0.07
1000500,1998-01-30,0.01108,5.56,137231,87.163,4.6,102.4385469,168.8,125.4,-0.03
1000500,1998-02-27,0.070303,5.51,139701,87.373,4.6,102.6020127,169.1,125,0
1000500,1998-03-31,0.050104,5.49,131743,87.877,4.7,102.6095881,169.3,124.7,0
1000500,1998-04-30,0.010232,5.45,136400,88.558,4.3,102.588092,169.5,124.9,-0.13
1000500,1998-05-29,-0.019206,5.49,134057,89.374,4.4,102.4889351,169.4,125.1,-0.1
1000500,1998-06-30,0.0398,5.56,136752,90.195,4.5,102.3697491,169.6,124.8,-0.07
1000500,1998-07-31,-0.011112,5.54,143807,90.859,4.5,102.2334104,169.9,124.9,0.07
1000500,1998-08-31,-0.144504,5.55,122907,91.407,4.5,102.0408073,170.5,124.2,0.13
1000500,1998-09-30,0.061612,5.51,143569,91.751,4.6,101.7998814,170.6,123.8,0.17
1000500,1998-10-30,0.079144,5.07,152413,91.999,4.5,101.6636368,171.3,124,0.2
1000500,1998-11-30,0.060685,4.83,130915,92.197,4.4,101.7572165,171.2,123.6,0.17
1000500,1998-12-31,0.058454,4.68,183803,92.443,4.4,101.9002973,171.2,122.8,0
1000500,1999-01-29,0.042,4.63,101223,92.714,4.3,102.1401964,171.4,122.9,-0.07
1000500,1999-02-26,-0.033156,4.76,141839,92.981,4.4,102.3486569,171.6,122.3,0
1000500,1999-03-31,0.037774,4.81,152825,93.611,4.2,102.3839737,171.9,122.6,-0.03
1000500,1999-04-30,0.036771,4.74,152770,94.436,4.3,102.3791528,172.8,123.6,0
1000500,1999-05-28,-0.024833,4.74,122631,95.36,4.2,102.4228118,172.8,124.7,-0.07
1000500,1999-06-30,0.053398,4.76,145939,96.363,4.3,102.4339337,173.1,125.2,0.03
1000500,1999-07-30,-0.031084,4.99,147086,97.192,4.3,102.3783421,173.4,125.7,0.03
1000500,1999-08-31,-0.006251,5.07,129127,97.897,4.2,102.3167005,174.1,126.9,0.03
1000500,1999-09-30,-0.029257,5.22,142371,98.399,4.2,102.3063883,174.8,128,0
1000500,1999-10-29,0.063512,5.2,147361,98.832,4.1,102.2857784,175.5,127.7,-0.07
1000500,1999-11-30,0.019547,5.42,148406,99.149,4.1,102.403805,175.5,128.3,-0.03
1000500,1999-12-31,0.061549,5.3,168114,99.543,4,102.5676019,175.5,127.8,-0.03
1000500,2000-01-31,-0.050296,5.45,127326,100,4,102.7974478,176.2,128.3,-0.03
1000500,2000-02-29,-0.018666,5.73,150409,100.571,4.1,102.8501316,177.6,129.8,0
1000500,2000-03-31,0.097431,5.85,170962,101.466,4,102.769509,178.5,130.8,0
1000500,2000-04-28,-0.032308,6.02,135653,102.541,3.8,102.7510485,178.5,130.7,-0.03
1000500,2000-05-31,-0.023617,6.27,149612,103.702,4,102.7258348,178.4,131.6,0
1000500,2000-06-30,0.025497,6.53,158986,104.855,4,102.627339,179,133.8,-0.03
1000500,2000-07-31,-0.013559,6.54,129013,105.722,4,102.5939963,179.8,133.7,0.03
1000500,2000-08-31,0.061275,6.5,148555,106.522,4.1,102.5592578,179.9,132.9,0.03
1000500,2000-09-29,-0.052795,6.52,153743,107.135,3.9,102.5095952,180.7,134.7,0
1000500,2000-10-31,-0.004829,6.51,147156,107.728,3.9,102.4009955,181.2,135.4,-0.03
1000500,2000-11-30,-0.079557,6.51,149356,108.291,3.9,102.1495032,181.5,135,-0.03
1000500,2000-12-29,0.004861,6.4,167823,108.791,3.9,101.6215768,181.3,136.2,0.03
1000500,2001-01-31,0.031555,5.98,142836,109.214,4.2,101.0984179,182.2,140,0.13
1000500,2001-02-28,-0.092131,5.49,158649,109.642,4.2,100.7160649,182.8,137.4,0.2
1000500,2001-03-30,-0.064587,5.31,180736,110.394,4.3,100.5510532,183.7,135.9,0.3
1000500,2001-04-30,0.076981,4.8,141999,111.248,4.4,100.5179736,184.2,136.4,0.4
1000500,2001-05-31,0.00533,4.21,153508,112.203,4.3,100.640902,184.6,136.8,0.47
1000500,2001-06-29,-0.025183,3.97,171025,113.272,4.5,100.7199268,185.3,135.5,0.53
1000500,2001-07-31,-0.010248,3.77,125022,114.226,4.6,100.633894,185,133.4,0.53
1000500,2001-08-31,-0.064933,3.65,202549,114.987,4.9,100.3323286,185.1,133.4,0.7
1000500,2001-09-28,-0.081352,3.07,123110,115.465,5,99.89781812,185.1,133.3,0.83
1000500,2001-10-31,0.018546,2.49,164819,115.681,5.3,99.74116027,185,130.3,1.13
1000500,2001-11-30,0.077259,2.09,175500,115.839,5.5,99.88891849,185,129.8,1.4
1000500,2001-12-31,0.007849,1.82,161347,116.056,5.7,100.2464984,184.2,128.1,1.63
1000500,2002-01-31,-0.01532,1.73,159723,116.437,5.7,100.5922808,184.9,128.5,1.6
1000500,2002-02-28,-0.020973,1.74,174018,116.917,5.7,100.7994314,186.1,128.4,1.5
1000500,2002-03-28,0.03669,1.73,175458,117.929,5.7,100.9867373,187,129.8,1.37
1000500,2002-04-30,-0.061826,1.75,170257,119.209,5.9,101.039499,187.8,130.8,1.4
1000500,2002-05-31,-0.009438,1.75,183127,120.788,5.8,101.0134373,187.7,130.8,1.43
1000500,2002-06-28,-0.072611,1.75,153562,122.333,5.8,100.7626767,187.8,130.9,1.4
1000500,2002-07-31,-0.075074,1.73,163568,123.687,5.8,100.4269538,188.3,131.2,1.33
1000500,2002-08-30,0.005401,1.74,179328,124.729,5.7,100.1502851,189.3,131.5,1.13
1000500,2002-09-30,-0.110421,1.75,150310,125.494,5.7,99.90824683,189.5,132.3,0.9
1000500,2002-10-31,0.087103,1.75,178615,126.137,5.7,99.72552179,189.9,133.2,0.57
1000500,2002-11-29,0.057288,1.34,178901,126.643,5.9,99.74057368,190.1,133.1,0.43
1000500,2002-12-31,-0.060464,1.24,178069,127.151,6,99.73803715,189.6,132.9,0.3
1000500,2003-01-31,-0.02786,1.24,177251,127.652,5.8,99.55933967,190.5,135.3,0.23
1000500,2003-02-28,-0.017225,1.26,186140,128.326,5.9,99.40084494,191.7,137.6,0.2
1000500,2003-03-31,0.008967,1.25,179234,129.308,5.9,99.4841066,193,141.2,0.13
1000500,2003-04-30,0.081462,1.26,180094,130.488,6,99.91875613,192.6,136.8,0.13
1000500,2003-05-30,0.051508,1.26,192278,131.839,6.1,100.3472829,192.7,136.7,0.2
1000500,2003-06-30,0.011351,1.22,171814,133.225,6.3,100.5036237,192.8,138,0.4
1000500,2003-07-31,0.016505,1.01,177792,134.647,6.2,100.5059163,193.5,137.7,0.47
1000500,2003-08-29,0.018014,1.03,190830,135.966,6.1,100.4163766,194.3,138,0.47
1000500,2003-09-30,-0.012107,1.01,168229,137.076,6.1,100.3808969,195,138.5,0.37
1000500,2003-10-31,0.05397,1.01,205370,137.975,6,100.5293973,195.4,139.3,0.3
1000500,2003-11-28,0.007606,1,161179,138.765,5.8,100.8221173,195.1,138.9,0.23
1000500,2003-12-31,0.050107,0.98,204370,139.627,5.7,101.1257762,194.9,139.5,0.03
1000500,2004-01-30,0.017991,1,186802,140.705,5.7,101.4056484,195.9,141.4,-0.1
1000500,2004-02-27,0.012716,1.01,188709,142.029,5.6,101.2918377,196.8,142.1,-0.1
1000500,2004-03-31,-0.016267,1,205337,144.08,5.8,101.1237237,198.6,143.1,0
1000500,2004-04-30,-0.016719,1,202513,146.18,5.6,100.9522905,199.4,144.8,0
1000500,2004-05-28,0.012024,1,177913,148.335,5.6,100.8737811,199.9,146.8,0
1000500,2004-06-30,0.018019,1.03,195258,150.518,5.6,101.0119415,201.1,147.2,-0.03
1000500,2004-07-30,-0.034111,1.26,203575,152.337,5.5,101.1235598,201,147.4,-0.03
1000500,2004-08-31,0.002019,1.43,178861,153.814,5.4,101.0988162,201,148,-0.07
1000500,2004-09-30,0.009347,1.61,182740,155.108,5.4,100.9797319,201.2,147.7,-0.07
1000500,2004-10-29,0.013699,1.76,193514,156.298,5.5,100.8903182,202.5,150,0
1000500,2004-11-30,0.035572,1.93,191717,157.496,5.4,100.9546485,202.6,151.4,0
1000500,2004-12-31,0.032086,2.16,218310,158.67,5.4,101.0906653,201.9,150.2,0
1000500,2005-01-31,-0.024749,2.28,194111,160.13,5.3,101.0759161,202.6,150.9,-0.1
1000500,2005-02-28,0.019015,2.5,214660,161.924,5.4,100.9199815,203.6,151.6,0
1000500,2005-03-31,-0.018729,2.63,220483,164.576,5.2,100.690035,206,153.7,-0.07
1000500,2005-04-29,-0.020076,2.79,219690,166.999,5.2,100.5012382,206.9,155,0
1000500,2005-05-31,0.030156,3,188920,169.544,5.1,100.5693234,206.2,154.3,-0.1
1000500,2005-06-30,0.000139,3.04,212335,172.015,5,100.8200008,206.2,154.3,-0.07
1000500,2005-07-29,0.036163,3.26,195487,174.098,5,100.726279,207.9,156.3,-0.07
1000500,2005-08-31,-0.011265,3.5,206474,175.923,4.9,100.1337963,208.7,157.6,-0.07
1000500,2005-09-30,0.006916,3.62,216394,177.611,5,99.41366468,210.8,162.2,0.03
1000500,2005-10-31,-0.016697,3.78,196764,178.752,5,99.17995532,211.5,166.2,0.03
1000500,2005-11-30,0.035675,4,221911,179.673,5,99.56726948,210,163.7,0.07
1000500,2005-12-30,-0.001396,4.16,230916,180.107,4.9,100.1451923,209,163,-0.03
1000500,2006-01-31,0.025424,4.29,209045,180.828,4.7,100.4059747,211,164.3,-0.07
1000500,2006-02-28,0.000167,4.49,232091,181.5,4.8,100.3572142,211.6,161.8,-0.07
1000500,2006-03-31,0.011511,4.59,249843,182.749,4.7,100.2255988,212.8,162.2,-0.07
1000500,2006-04-28,0.01085,4.79,196249,183.648,4.7,99.973576,214.7,164.3,0
1000500,2006-05-31,-0.030519,4.94,235564,184.38,4.6,99.69110159,215.7,165.8,-0.07
1000500,2006-06-30,0.000348,4.99,243838,184.547,4.6,99.6702988,216.7,166.1,-0.03
1000500,2006-07-31,0.00451,5.24,192925,184.608,4.7,99.70651781,217.5,166.8,0.03
1000500,2006-08-31,0.021679,5.25,218595,184.405,4.7,99.80494644,218.1,167.9,0.07
1000500,2006-09-29,0.025296,5.25,227131,184.198,4.5,100.1207426,216.3,165.4,0.07
1000500,2006-10-31,0.03142,5.25,217014,184.054,4.4,100.5413503,215.2,162.2,-0.07
1000500,2006-11-30,0.015887,5.25,218907,183.631,4.5,100.7727287,214.8,164.6,-0.07
1000500,2006-12-29,0.012294,5.24,218007,183.229,4.4,100.888335,215.2,165.6,-0.03
1000500,2007-01-31,0.014345,5.25,222372,182.718,4.6,100.9203815,215.813,164,0.07
1000500,2007-02-28,-0.021598,5.26,240305,182.471,4.5,100.696933,216.651,166.8,0.07
1000500,2007-03-30,0.009679,5.26,262761,182.194,4.4,100.4247216,218.334,169.3,0.03
1000500,2007-04-30,0.042857,5.25,205967,182.131,4.5,100.2504367,219.501,171.4,0
1000500,2007-05-31,0.032154,5.25,231937,181.884,4.4,100.1900319,220.591,173.3,0
1000500,2007-06-29,-0.017828,5.25,249036,181.54,4.6,100.1492945,221.579,173.8,0.03
1000500,2007-07-31,-0.032283,5.26,206886,180.993,4.7,100.1261418,221.945,175.1,0.07
1000500,2007-08-31,0.012859,5.02,283518,180.234,4.6,99.89662977,221.559,172.4,0.1
1000500,2007-09-28,0.035923,4.94,172488,179.122,4.7,99.64114442,221.436,173.5,0.17
1000500,2007-10-31,0.016292,4.76,235014,177.53,4.7,99.34621419,221.951,174.7,0.2
1000500,2007-11-30,-0.043581,4.49,249293,175.162,4.7,99.05999546,223.356,179,0.23
1000500,2007-12-31,-0.007903,4.24,228721,173.338,5,98.89159592,223.425,178.6,0.4
1000500,2008-01-31,-0.062332,3.94,237379,171.077,5,98.72972825,224.325,181,0.4
1000500,2008-02-29,-0.033693,2.98,281287,169.191,4.9,98.34016391,225.213,182.7,0.43
1000500,2008-03-31,-0.005054,2.61,227028,167.904,5.1,97.87050483,226.926,187.9,0.47
1000500,2008-04-30,0.04749,2.28,244469,167.324,5,97.34110295,228.133,190.9,0.5
1000500,2008-05-30,0.010708,1.98,290199,167.021,5.4,96.96100373,230.089,196.6,0.73
1000500,2008-06-30,-0.084569,2,226365,166.537,5.6,96.84147317,232.649,200.5,0.8
1000500,2008-07-31,-0.008738,2.01,263261,165.713,5.8,97.04501741,234.545,205.5,0.97
1000500,2008-08-29,0.012682,2,268930,164.277,6.1,97.30288799,233.788,199,1.1
1000500,2008-09-30,-0.087287,1.81,226494,161.912,6.1,97.37910271,232.841,196.9,1.27
1000500,2008-10-31,-0.168455,0.97,320360,159.163,6.5,97.02541198,230.837,186.4,1.5
1000500,2008-11-28,-0.076514,0.39,269970,156.072,6.8,96.76825606,227.236,176.8,1.7
1000500,2008-12-31,0.009229,0.16,289540,152.545,7.3,96.76077306,225.091,170.9,2.07
1000500,2009-01-30,-0.084039,0.15,289548,149.363,7.8,96.76799662,225.436,171.2,2.37
1000500,2009-02-27,-0.107401,0.22,281171,147.618,8.3,96.74190396,226.754,169.3,2.77
1000500,2009-03-31,0.084154,0.18,320514,146.515,8.7,96.94425938,227.309,168.1,3.13
1000500,2009-04-30,0.09255,0.15,287113,146.943,9,97.39331749,227.84,169.1,3.53
1000500,2009-05-29,0.051848,0.18,306868,148.169,9.4,97.77971057,228.136,170.8,3.73
1000500,2009-06-30,0.00068,0.21,309671,149.797,9.5,97.93968374,229.93,174.1,3.9
1000500,2009-07-31,0.073101,0.16,332160,150.749,9.5,97.89437573,230.154,172.5,3.8
1000500,2009-08-31,0.032255,0.16,249084,150.669,9.6,97.93815546,230.883,175,3.67
1000500,2009-09-30,0.034978,0.15,264088,149.628,9.8,98.11636489,231.2,174.1,3.57
1000500,2009-10-30,-0.019458,0.12,311656,148.585,10,98.14606652,231.304,175.2,3.57
1000500,2009-11-30,0.057607,0.12,253850,147.939,9.9,98.16012722,231.708,177.4,3.47
1000500,2009-12-31,0.017346,0.12,310329,146.664,9.9,98.33461276,231.462,178.1,3.07
1000500,2010-01-29,-0.036781,0.11,247873,145.003,9.8,98.49635027,232.294,181.9,2.57
1000500,2010-02-26,0.028014,0.13,328429,143.053,9.8,98.5514807,232.382,181,2.03
1000500,2010-03-31,0.05943,0.16,218745,143.597,9.9,98.54838249,233.188,183.3,1.53
1000500,2010-04-30,0.014957,0.2,327950,145.404,9.9,98.52794694,233.615,184.4,1.2
1000500,2010-05-28,-0.082337,0.2,282721,147.04,9.6,98.52667646,234.13,184.8,0.8
1000500,2010-06-30,-0.055115,0.18,319470,147.706,9.4,98.43158021,233.834,183.5,0.43
1000500,2010-07-30,0.06862,0.18,320588,147.566,9.4,98.14698449,233.885,184.1,0.13
1000500,2010-08-31,-0.04784,0.19,254524,146.431,9.5,97.97341151,234.15,184.9,0
1000500,2010-09-30,0.088751,0.19,279813,144.612,9.5,97.92258472,234.027,184.9,0.03
1000500,2010-10-29,0.037081,0.19,286384,143.133,9.4,98.02106876,234.671,186.6,0.07
1000500,2010-11-30,-0.002571,0.19,299364,141.823,9.8,98.27832637,235.094,187.7,0.13
1000500,2010-12-31,0.065249,0.18,315009,140.632,9.3,98.52911297,235.141,189.7,0.1
1000500,2011-01-31,0.022319,0.17,276346,139.04,9.1,98.6373657,235.969,192.7,-0.13
1000500,2011-02-28,0.030251,0.16,333163,137.735,9,98.58832076,237.11,195.8,-0.3
1000500,2011-03-31,-0.000867,0.14,339048,137.788,9,98.34478788,239.074,199.2,-0.2
1000500,2011-04-29,0.028358,0.1,329929,139.16,9.1,98.28639624,240.267,203.1,0
1000500,2011-05-31,-0.013572,0.09,232577,140.694,9,98.27070001,241.566,204.1,0.07
1000500,2011-06-30,-0.018106,0.09,292738,141.946,9.1,97.96352835,241.69,203.9,0.2
1000500,2011-07-29,-0.020982,0.07,288439,142.343,9,97.38677385,242.282,204.6,0.23
1000500,2011-08-31,-0.056735,0.1,303388,141.787,9,96.89448459,243.033,203.2,0.23
1000500,2011-09-30,-0.071739,0.08,302903,140.169,9,96.82732531,243.323,203.7,0.2
1000500,2011-10-31,0.107554,0.07,261539,138.411,8.8,97.05892483,243.014,201.1,0.17
1000500,2011-11-30,-0.005552,0.08,289704,136.667,8.6,97.5005334,242.652,201.4,0
1000500,2011-12-30,0.007613,0.07,325930,135.168,8.5,98.04678734,241.987,199.8,-0.17
1000500,2012-01-31,0.044003,0.08,261726,134.168,8.3,98.51247714,242.879,200.7,-0.2
1000500,2012-02-29,0.040744,0.1,335090,133.997,8.3,98.77210143,243.85,201.6,-0.13
1000500,2012-03-30,0.031282,0.13,369372,135.865,8.2,98.89721506,245.125,204.2,-0.1
1000500,2012-04-30,-0.007237,0.14,259690,138.471,8.2,98.9322777,245.85,203.7,-0.07
1000500,2012-05-31,-0.062433,0.16,305348,141.048,8.2,98.87595861,245.709,201.9,-0.03
1000500,2012-06-29,0.039888,0.16,319919,143.169,8.2,98.66972258,245.201,199.8,0
1000500,2012-07-31,0.013096,0.16,254190,144.282,8.2,98.5970529,244.984,200.1,0.07
1000500,2012-08-31,0.019938,0.13,369393,144.705,8.1,98.76840678,246.252,202.7,0.03
1000500,2012-09-28,0.023547,0.14,186386,144.358,7.8,99.08746656,247.409,204.4,-0.1
1000500,2012-10-31,-0.019227,0.16,304311,143.968,7.8,99.31627124,247.564,203.5,-0.13
1000500,2012-11-30,0.002154,0.16,333841,143.961,7.7,99.2291277,247.097,201.8,-0.13
1000500,2012-12-31,0.005902,0.16,270699,143.869,7.9,98.89224974,246.456,201.5,0
1000500,2013-01-31,0.051024,0.14,269340,144.313,8,98.7627259,247.277,202.5,0
1000500,2013-02-28,0.010511,0.15,326354,145.163,7.7,98.86661862,248.665,204.3,-0.03
1000500,2013-03-28,0.036025,0.14,292548,147.962,7.5,99.03490655,248.719,204,-0.07
1000500,2013-04-30,0.018482,0.15,293834,150.969,7.6,99.24891424,248.464,203.5,-0.13
1000500,2013-05-31,0.020441,0.11,335914,153.86,7.5,99.5902669,248.584,204.1,-0.03
1000500,2013-06-28,-0.015262,0.09,170126,156.428,7.5,99.76674873,248.851,204.3,0
1000500,2013-07-31,0.049287,0.09,297627,158.288,7.3,99.72871638,249.411,204.4,-0.03
1000500,2013-08-30,-0.031638,0.08,333275,159.396,7.2,99.44532005,249.858,204.2,-0.1
1000500,2013-09-30,0.030064,0.08,226355,159.675,7.2,99.06077853,250.231,203.9,-0.13
1000500,2013-10-31,0.044953,0.09,289514,159.558,7.2,98.82304736,249.32,202.5,-0.03
1000500,2013-11-29,0.028398,0.08,317679,159.365,6.9,98.92444377,249.503,201.2,-0.1
1000500,2013-12-31,0.024196,0.09,231821,159.282,6.7,99.2309341,249.567,202,-0.17
1000500,2014-01-31,-0.035731,0.07,306247,159.37,6.6,99.40539861,251.045,203.8,-0.2
1000500,2014-02-28,0.043194,0.07,337880,159.872,6.7,99.47613732,251.233,205.7,-0.1
1000500,2014-03-31,0.006537,0.08,252741,161.189,6.7,99.50868999,252.413,207,0
1000500,2014-04-30,0.005388,0.09,307383,162.969,6.2,99.58239449,252.506,208.3,-0.1
1000500,2014-05-30,0.020895,0.09,329860,164.684,6.3,99.56864575,253.598,208,-0.13
1000500,2014-06-30,0.019048,0.1,253127,166.214,6.1,99.5419865,253.555,208.3,-0.2
1000500,2014-07-31,-0.015278,0.09,309113,167.138,6.2,99.53372193,253.833,208,-0.03
1000500,2014-08-29,0.037446,0.09,322925,167.452,6.1,99.62952465,253.185,207,-0.07
1000500,2014-09-30,-0.015467,0.09,245441,167.243,5.9,99.83580791,253.154,206.4,-0.07
1000500,2014-10-31,0.0228,0.09,334432,166.911,5.7,100.1258142,252.73,203.4,-0.13
1000500,2014-11-28,0.025159,0.09,248254,166.659,5.8,100.4816418,251.781,200.9,-0.1
1000500,2014-12-31,-0.004249,0.12,333463,166.461,5.6,100.8761966,250.519,197,-0.1
1000500,2015-01-30,-0.030468,0.11,321738,166.251,5.7,101.1420258,250.016,192,0
1000500,2015-02-27,0.054305,0.11,331747,166.633,5.5,101.1443281,250.619,191.1,-0.1
1000500,2015-03-31,-0.016628,0.11,287097.3978,168.09,5.4,101.047217,251.451,191.5,-0.03
1000500,2015-04-30,0.008004,0.12,315087.1624,169.97,5.4,100.9921629,251.76,190.9,-0.1
1000500,2015-05-29,0.010141,0.12,294771.1058,171.85,5.6,100.9113218,252.77,193.4,0
1000500,2015-06-30,-0.02102,0.13,291157.2894,173.451,5.3,100.9254932,253.626,194.8,-0.07
1000500,2015-07-31,0.020101,0.13,374680.1336,174.496,5.2,100.8100992,253.405,193.9,-0.03
1000500,2015-08-31,-0.062433,0.14,275257.3571,174.938,5.1,100.6195239,252.903,191.9,-0.13
1000500,2015-09-30,-0.026258,0.14,274412.3087,175.045,5,100.4477787,252.922,189.1,-0.07
1000500,2015-10-30,0.082049,0.12,347578.3302,175.051,5,100.4771868,252.504,187.5,-0.1
1000500,2015-11-30,0.000817,0.12,269520.7195,175.143,5.1,100.5943876,252.573,185.7,-0.03
1000500,2015-12-31,-0.017076,0.24,364074.6566,175.117,5,100.6920081,251.67,183.5,-0.03
1000500,2016-01-29,-0.05025,0.34,258415.6926,175.038,4.8,100.7051772,251.739,182.6,-0.03
1000500,2016-02-29,-0.004457,0.38,361760.8572,175.283,4.9,100.6676218,252.25,181.3,-0.03
1000500,2016-03-31,0.065146,0.36,335890.5577,176.603,5,100.6275509,252.854,182.1,0
1000500,2016-04-29,0.002576,0.37,331980.4726,178.497,5.1,100.6497391,254.27,183.2,0.03
1000500,2016-05-31,0.015886,0.37,277110.8442,180.345,4.8,100.7728268,255.023,185.3,-0.03
1000500,2016-06-30,0.001002,0.38,323320.2353,181.917,4.9,100.7506475,255.471,187.6,-0.03
1000500,2016-07-29,0.035324,0.39,322812.9027,183.02,4.8,100.6031226,255.386,187.7,-0.03
1000500,2016-08-31,-0.001396,0.4,338438.3878,183.658,4.9,100.4965502,255.545,186.6,0.07
1000500,2016-09-30,-0.001033,0.4,323177.8711,183.948,5,100.4772802,256.085,186.9,0.1
1000500,2016-10-31,-0.019206,0.4,265884.2691,184.022,4.9,100.5546379,256.605,186.7,0.1
1000500,2016-11-30,0.033007,0.41,336525.5291,184.234,4.7,100.8857343,256.541,186.3,0
1000500,2016-12-30,0.017569,0.54,346719.9327,184.406,4.7,101.2251372,256.427,188.2,-0.07
1000500,2017-01-31,0.018311,0.65,292812.1075,184.657,4.7,101.3741768,258.073,190.7,0
1000500,2017-02-28,0.037052,0.66,363757.1178,185.023,4.6,101.3618108,258.768,191.6,0.03
1000500,2017-03-31,0.000055,0.79,392815.8797,186.532,4.4,101.3310578,258.51,191.5,-0.03
1000500,2017-04-28,0.009439,0.9,273177.3192,188.546,4.4,101.2912292,259.165,193,-0.13
1000500,2017-05-31,0.01192,0.91,328843.9693,190.543,4.4,101.2196279,259.386,192.8,-0.13
1000500,2017-06-30,0.004364,1.04,428893.6788,192.271,4.3,101.1132013,259.335,193.6,-0.03
1000500,2017-07-31,0.019162,1.15,274979.5261,193.516,4.3,101.0719662,258.833,193.5,-0.03
1000500,2017-08-31,-0.000324,1.16,333999.7461,194.351,4.4,101.168951,259.508,193.8,0.03
1000500,2017-09-29,0.018742,1.15,340722.2158,194.822,4.3,101.290417,260.875,194.8,-0.03
1000500,2017-10-31,0.023006,1.15,298554.6687,195.089,4.2,101.4409,260.58,194.9,-0.07
1000500,2017-11-30,0.02886,1.16,346921.7,195.457,4.2,101.4207307,260.63,195.9,-0.1
1000500,2017-12-29,0.009851,1.3,348990.4497,195.852,4.1,101.3377117,260.791,196.3,-0.03
1000500,2018-01-31,0.057018,1.41,311801.8701,196.119,4,101.3671524,262.188,197.9,0
1000500,2018-02-28,-0.039702,1.42,370870.8895,196.908,4.1,101.527457,263.26,199.3,0
1000500,2018-03-29,-0.027092,1.51,419575.6193,198.576,4,101.6270351,263.556,199.3,0
1000500,2018-04-30,0.002656,1.69,296191.5546,200.619,4,101.5769684,264.669,200.3,-0.07
1000500,2018-05-31,0.021317,1.7,363871.3813,202.457,3.8,101.4924447,265.84,203.2,-0.1
1000500,2018-06-29,0.005507,1.82,391136.1846,204.047,4,101.4353943,265.95,204.2,-0.03
1000500,2018-07-31,0.03597,1.91,302131.4525,204.954,3.8,101.4044186,265.83,204.3,0
1000500,2018-08-31,0.030647,1.91,433262.7916,205.332,3.8,101.4154898,266.425,203.4,0.03
1000500,2018-09-28,0.003758,1.95,224443.3353,205.378,3.7,101.4974532,266.709,203.6,-0.07
1000500,2018-10-31,-0.069492,2.19,353182.6694,205.373,3.8,101.4799437,266.464,204.6,-0.07
1000500,2018-11-30,0.017259,2.2,410863.686,205.111,3.8,101.3725691,265.487,202.3,-0.07
1000500,2018-12-31,-0.092188,2.27,326123.3969,204.703,3.9,101.2050549,265.286,201,0.07
1000500,2019-01-31,0.080024,2.4,331297.182,204.209,4,101.004553,266.109,199.1,0.13
1000500,2019-02-28,0.029398,2.4,401242.717,204.439,3.8,101.0577491,266.706,199.2,0.17
1000500,2019-03-29,0.018007,2.41,375755.9961,205.786,3.8,101.2718414,268.025,200.8,0.13
1000500,2019-04-30,0.039469,2.42,375240.0215,207.698,3.6,101.4287762,269.07,202.1,0
1000500,2019-05-31,-0.065503,2.39,439832.8894,209.361,3.7,101.5150714,269.744,201.7,-0.07
1000500,2019-06-28,0.068056,2.38,342428.651,210.598,3.6,101.4229907,270.133,200.3,-0.03
1000500,2019-07-31,0.013367,2.4,371043.5933,211.349,3.7,101.1953284,270.381,200.7,0.03
1000500,2019-08-30,-0.018377,2.13,428309.3265,211.708,3.7,100.9046527,270.548,199.2,0.07
1000500,2019-09-30,0.017272,2.04,291260.4989,211.886,3.5,100.9046166,270.563,198.4,0
1000500,2019-10-31,0.020441,1.83,379987.7228,211.979,3.6,101.1037464,270.348,198.6,-0.03
1000500,2019-11-29,0.033979,1.55,434023.71,212.117,3.6,101.367503,270.643,199,-0.07
1000500,2019-12-31,0.028136,1.55,349077.9588,212.248,3.6,101.5911103,270.429,199,0
1000500,2020-01-31,-0.001129,1.55,404881.1938,212.409,3.5,101.5895141,272.316,199.3,0
1000500,2020-02-28,-0.08408,1.58,423285.7535,213.229,3.5,101.1693816,273.08,196.7,0
1000500,2020-03-31,-0.123686,0.65,355891.3962,215.207,4.4,100.1898191,272.531,193.1,0.3
1000500,2020-04-30,0.127653,0.05,979713.6294,217.254,14.7,99.1243959,271.325,185.5,4
1000500,2020-05-29,0.045587,0.05,572681.9706,218.504,13.2,98.63361805,271.345,188.6,7.27
1000500,2020-06-30,0.018885,0.08,1104902.737,219.83,11,98.58475231,272.283,191.2,9.5
1000500,2020-07-31,0.055682,0.09,626487.3895,221.585,10.2,98.60172546,273.347,193,8
1000500,2020-08-31,0.070308,0.1,423316.2921,224.064,8.4,98.79979781,273.597,194.3,6.37
1000500,2020-09-30,-0.039366,0.09,497779.9052,226.817,7.9,99.10643078,273.925,195.5,5.3
1000500,2020-10-30,-0.027507,0.09,521768.5036,229.83,6.9,99.25240289,273.374,196.5,4.2
1000500,2020-11-30,0.107624,0.09,364818.8591,232.337,6.7,99.21010605,273.543,198.3,3.63
1000500,2020-12-31,0.040137,0.09,489681.5558,234.39,6.7,99.21311323,274.225,200.5,3.23
1000500,2021-01-29,-0.01109,0.09,547483.2684,236.468,6.3,99.21908596,275.427,204.8,3.03
1000500,2021-02-26,0.024631,0.08,559235.9993,239.252,6.2,99.35608951,276.473,210.6,2.87
1000500,2021-03-31,0.04197,0.07,927205.9375,244.249,6.1,99.71560749,278.197,215,2.33
1000500,2021-04-30,0.052991,0.07,664765.6556,249.856,6.1,99.95540434,280.234,217.9,-0.07
1000500,2021-05-28,0.004737,0.06,595697.9515,255.481,5.8,99.89777342,281.858,224.9,-0.13
1000500,2021-06-30,0.022564,0.08,623359.2167,261.206,5.9,99.6917655,284.741,228.9,-0.03
1000500,2021-07-30,0.023309,0.1,564050.188,265.545,5.4,99.23230894,285.22,231.85,-0.23
1000500,2021-08-31,0.029205,0.09,439012.7366,268.821,5.2,98.67364865,285.63,233.415,-0.2
1000500,2021-09-30,-0.047152,0.08,521067.3412,271.474,4.8,98.38035895,286.423,235.678,-0.37
1000500,2021-10-29,0.069627,0.08,448982.7282,273.682,4.5,98.19715805,288.236,240.465,-0.27
1000500,2021-11-30,-0.008666,0.08,472543.0724,276.049,4.2,98.03780457,289.835,243.287,-0.33
1000500,2021-12-31,0.042285,0.08,508041.031,278.63,3.9,97.9382315,290.405,241.338,-0.27
1000500,2022-01-31,-0.053087,0.08,346379.914,282.015,4,97.70745583,292.644,246.453,-0.2
1000500,2022-02-28,-0.0307,0.08,506475.4955,287.258,3.8,97.40552847,294.605,252.66,-0.13
1000500,2022-03-31,0.036605,0.2,507854.5428,295.081,3.6,97.17228453,298.403,260.014,-0.1
1000500,2022-04-29,-0.088393,0.33,555433.548,301.728,3.6,97.00900275,300.325,265.31,-0.13
1000500,2022-05-31,-0.001355,0.77,455215.709,306.506,3.6,96.60962408,302.939,273.251,-0.07
1000500,2022-06-30,-0.083126,1.21,549602.9248,308.301,3.6,96.20984131,306.453,280.251,0
1000500,2022-07-29,0.092675,1.68,480386.8139,307.136,3.5,96.18242721,305.916,272.274,-0.03
1000500,2022-08-31,-0.042052,2.33,523322.6415,303.686,3.7,96.4437783,306.855,269.546,0.03
1000500,2022-09-30,-0.092876,2.56,917396.3672,300.503,3.5,96.65869307,307.152,267.898,0
1000500,2022-10-31,0.079196,3.08,406374.244,298.727,3.7,96.77124719,308.001,265.061,0.07
1000500,2022-11-30,0.052158,3.78,500645.6896,296.923,3.6,96.83717582,308.394,263.157,0.07
1000500,2022-12-30,-0.06017,4.1,539943.1082,294.415,3.5,97.05321079,308.15,257.897,0.03
